{
	"info": {
		"_postman_id": "murjan-woo-complete-api-2024",
		"name": "Murjan WooCommerce Products API - Complete Collection",
		"description": "# 🚀 مجموعة Postman الكاملة لـ API المنتجات\n\n## المميزات:\n✅ دعم كامل لرفع الصور عبر Form Data\n✅ جميع حقول المنتج متاحة مع الشرح\n✅ أمثلة عملية كاملة مع بيانات حقيقية\n✅ البحث والصفحات (Pagination)\n✅ التوثيق الكامل باللغة العربية\n\n## الرابط الأساسي:\n`https://dev.murjan.sa/wp-json/murjan-api/v1`\n\n## التوثيق:\nجميع الطلبات محمية بمفاتيح WooCommerce API\n- **Consumer Key:** ck_2210fb8d333da5da151029715a85618a4b283a52\n- **Consumer Secret:** cs_7f1073e18d0af70d01c84692ce8c04609a722b5c",
		"schema": "https://schema.getpostman.com/json/collection/v2.1.0/collection.json"
	},
	"auth": {
		"type": "basic",
		"basic": [
			{
				"key": "username",
				"value": "ck_2210fb8d333da5da151029715a85618a4b283a52",
				"type": "string"
			},
			{
				"key": "password",
				"value": "cs_7f1073e18d0af70d01c84692ce8c04609a722b5c",
				"type": "string"
			}
		]
	},
	"item": [
		{
			"name": "🔵 Physical Products - المنتجات الفيزيائية",
			"item": [
				{
					"name": "إضافة منتج فيزيائي - مع صور وجميع الحقول",
					"event": [
						{
							"listen": "test",
							"script": {
								"exec": [
									"pm.test(\"Status code is 200\", function () {",
									"    pm.response.to.have.status(200);",
									"});",
									"",
									"pm.test(\"Product created successfully\", function () {",
									"    var jsonData = pm.response.json();",
									"    pm.expect(jsonData.success).to.eql(true);",
									"    pm.expect(jsonData.product_id).to.exist;",
									"    pm.environment.set(\"physical_product_id\", jsonData.product_id);",
									"    console.log(\"Product ID saved: \" + jsonData.product_id);",
									"});"
								],
								"type": "text/javascript"
							}
						}
					],
					"request": {
						"method": "POST",
						"header": [],
						"body": {
							"mode": "formdata",
							"formdata": [
								{
									"key": "name",
									"value": "هاتف ذكي سامسونج جالاكسي S23 Ultra",
									"description": "✅ اسم المنتج (مطلوب)\nيظهر في صفحة المنتج وقوائم البحث",
									"type": "text"
								},
								{
									"key": "description",
									"value": "<h3>مواصفات فريدة</h3>\n<p>هاتف ذكي بشاشة Dynamic AMOLED 2X مقاس 6.8 بوصة مع معدل تحديث 120Hz. يأتي مع معالج Snapdragon 8 Gen 2 القوي وذاكرة RAM بسعة 12GB.</p>\n<ul>\n<li>كاميرا رباعية بدقة 200 ميجابكسل</li>\n<li>بطارية 5000 مللي أمبير</li>\n<li>شحن سريع 45W</li>\n<li>مقاوم للماء IP68</li>\n</ul>",
									"description": "📝 الوصف الكامل\nيدعم HTML للتنسيق\nيظهر في تبويب الوصف بصفحة المنتج",
									"type": "text"
								},
								{
									"key": "short_description",
									"value": "أحدث هواتف سامسونج الرائدة بكاميرا 200MP وشاشة 6.8 بوصة",
									"description": "📄 الوصف المختصر\nيظهر أعلى صفحة المنتج مباشرة",
									"type": "text"
								},
								{
									"key": "sku",
									"value": "SAMSUNG-S23U-512-BLACK",
									"description": "🏷️ رقم SKU (Stock Keeping Unit)\nرقم تعريفي فريد للمنتج\nمفيد لإدارة المخزون",
									"type": "text"
								},
								{
									"key": "regular_price",
									"value": "4999.00",
									"description": "💰 السعر العادي\nالسعر الأصلي قبل التخفيض",
									"type": "text"
								},
								{
									"key": "sale_price",
									"value": "4299.00",
									"description": "🏷️ سعر التخفيض\nالسعر الحالي المعروض للعملاء\nاتركه فارغاً إذا لم يكن هناك تخفيض",
									"type": "text"
								},
								{
									"key": "stock_quantity",
									"value": "25",
									"description": "📦 كمية المخزون\nعدد القطع المتوفرة\nيتناقص تلقائياً مع كل عملية شراء",
									"type": "text"
								},
								{
									"key": "stock_status",
									"value": "instock",
									"description": "✅ حالة المخزون\nالقيم المتاحة:\n- instock: متوفر\n- outofstock: غير متوفر\n- onbackorder: طلب مسبق",
									"type": "text"
								},
								{
									"key": "manage_stock",
									"value": "true",
									"description": "⚙️ إدارة المخزون\ntrue: تفعيل إدارة تلقائية للمخزون\nfalse: إدارة يدوية",
									"type": "text"
								},
								{
									"key": "weight",
									"value": "0.228",
									"description": "⚖️ الوزن (بالكيلوجرام)\nمهم لحساب تكلفة الشحن",
									"type": "text"
								},
								{
									"key": "length",
									"value": "16.3",
									"description": "📏 الطول (بالسنتيمتر)",
									"type": "text"
								},
								{
									"key": "width",
									"value": "7.8",
									"description": "📐 العرض (بالسنتيمتر)",
									"type": "text"
								},
								{
									"key": "height",
									"value": "0.89",
									"description": "📊 الارتفاع (بالسنتيمتر)",
									"type": "text"
								},
								{
									"key": "categories",
									"value": "الهواتف الذكية,إلكترونيات,سامسونج",
									"description": "🗂️ التصنيفات\nافصل بفاصلة (,)\nيتم إنشاء تصنيفات جديدة تلقائياً",
									"type": "text"
								},
								{
									"key": "tags",
									"value": "5G,كاميرا عالية,شاشة كبيرة,بطارية قوية",
									"description": "🏷️ الوسوم\nافصل بفاصلة (,)\nتساعد في البحث والتصفية",
									"type": "text"
								},
								{
									"key": "status",
									"value": "publish",
									"description": "📢 حالة النشر\nالقيم المتاحة:\n- publish: نشر مباشر\n- draft: مسودة\n- pending: في انتظار المراجعة",
									"type": "text"
								},
								{
									"key": "featured",
									"value": "true",
									"description": "⭐ منتج مميز\ntrue: يظهر في قسم المنتجات المميزة\nfalse: منتج عادي",
									"type": "text"
								},
								{
									"key": "catalog_visibility",
									"value": "visible",
									"description": "👁️ الظهور في الكتالوج\nالقيم المتاحة:\n- visible: ظاهر في كل مكان\n- catalog: فقط في الكتالوج\n- search: فقط في البحث\n- hidden: مخفي",
									"type": "text"
								},
								{
									"key": "tax_status",
									"value": "taxable",
									"description": "💵 حالة الضريبة\nالقيم المتاحة:\n- taxable: خاضع للضريبة\n- shipping: ضريبة على الشحن فقط\n- none: بدون ضريبة",
									"type": "text"
								},
								{
									"key": "tax_class",
									"value": "standard",
									"description": "📊 فئة الضريبة\nالقيم المتاحة:\n- standard: قياسي\n- reduced-rate: معدل مخفض\n- zero-rate: صفر",
									"type": "text"
								},
								{
									"key": "backorders",
									"value": "no",
									"description": "🔄 الطلب المسبق\nالقيم المتاحة:\n- no: لا يسمح\n- notify: يسمح مع إشعار\n- yes: يسمح بدون إشعار",
									"type": "text"
								},
								{
									"key": "sold_individually",
									"value": "false",
									"description": "🛒 البيع الفردي\ntrue: السماح بشراء قطعة واحدة فقط\nfalse: السماح بشراء أي كمية",
									"type": "text"
								},
								{
									"key": "reviews_allowed",
									"value": "true",
									"description": "⭐ السماح بالتقييمات\ntrue: العملاء يمكنهم كتابة مراجعات\nfalse: تعطيل المراجعات",
									"type": "text"
								},
								{
									"key": "purchase_note",
									"value": "شكراً لشرائك هاتف سامسونج! ستصلك رسالة تأكيد خلال 24 ساعة مع رقم التتبع.",
									"description": "📧 ملاحظة الشراء\nرسالة تظهر للعميل بعد الشراء",
									"type": "text"
								},
								{
									"key": "main_image",
									"description": "🖼️ الصورة الرئيسية\nاختر صورة المنتج الرئيسية\nالحجم الموصى به: 800x800 بكسل",
									"type": "file",
									"src": []
								},
								{
									"key": "gallery_images[]",
									"description": "🖼️🖼️ صور المعرض\nيمكنك إضافة عدة صور\nكرر هذا الحقل لكل صورة إضافية",
									"type": "file",
									"src": []
								}
							]
						},
						"url": {
							"raw": "{{base_url}}/physical-products",
							"host": [
								"{{base_url}}"
							],
							"path": [
								"physical-products"
							]
						},
						"description": "# 📱 إضافة منتج فيزيائي كامل مع الصور\n\n## الاستخدام:\n\n### 1. الحقول الأساسية (مطلوبة):\n- **name**: اسم المنتج ✅\n- **regular_price**: السعر\n\n### 2. معلومات المنتج:\n- **description**: وصف HTML كامل\n- **short_description**: وصف مختصر\n- **sku**: رقم تعريفي فريد\n\n### 3. الأسعار:\n- **regular_price**: السعر الأصلي\n- **sale_price**: سعر التخفيض\n- **date_on_sale_from**: تاريخ بداية التخفيض\n- **date_on_sale_to**: تاريخ نهاية التخفيض\n\n### 4. المخزون:\n- **manage_stock**: true/false\n- **stock_quantity**: الكمية المتوفرة\n- **stock_status**: instock/outofstock/onbackorder\n- **backorders**: no/notify/yes\n- **sold_individually**: true/false\n\n### 5. الشحن:\n- **weight**: الوزن (كجم)\n- **length**: الطول (سم)\n- **width**: العرض (سم)\n- **height**: الارتفاع (سم)\n\n### 6. التصنيف:\n- **categories**: تصنيفات مفصولة بفاصلة\n- **tags**: وسوم مفصولة بفاصلة\n\n### 7. الصور:\n- **main_image**: الصورة الرئيسية (file)\n- **gallery_images[]**: صور المعرض (files)\n\n### 8. الإعدادات:\n- **status**: publish/draft/pending\n- **featured**: true/false\n- **catalog_visibility**: visible/catalog/search/hidden\n- **tax_status**: taxable/shipping/none\n- **reviews_allowed**: true/false\n\n## ملاحظات:\n✅ استخدم **Form Data** وليس JSON\n✅ الصور: اختر ملفات فعلية من جهازك\n✅ يمكنك إضافة gallery_images[] متعددة\n✅ جميع الحقول اختيارية ماعدا name"
					},
					"response": []
				},
				{
					"name": "تعديل منتج فيزيائي - مع صور",
					"request": {
						"method": "POST",
						"header": [],
						"body": {
							"mode": "formdata",
							"formdata": [
								{
									"key": "name",
									"value": "هاتف سامسونج جالاكسي S23 Ultra - محدث",
									"description": "تحديث اسم المنتج",
									"type": "text"
								},
								{
									"key": "regular_price",
									"value": "4599.00",
									"description": "تحديث السعر",
									"type": "text"
								},
								{
									"key": "sale_price",
									"value": "3999.00",
									"description": "تحديث سعر التخفيض",
									"type": "text"
								},
								{
									"key": "stock_quantity",
									"value": "50",
									"description": "تحديث الكمية",
									"type": "text"
								},
								{
									"key": "description",
									"value": "<p>وصف محدث بمواصفات جديدة</p>",
									"description": "تحديث الوصف",
									"type": "text"
								},
								{
									"key": "main_image",
									"description": "صورة جديدة (اختياري)",
									"type": "file",
									"src": []
								}
							]
						},
						"url": {
							"raw": "{{base_url}}/physical-products/{{physical_product_id}}",
							"host": [
								"{{base_url}}"
							],
							"path": [
								"physical-products",
								"{{physical_product_id}}"
							]
						},
						"description": "# ✏️ تعديل منتج فيزيائي\n\n## الاستخدام:\n- أرسل فقط الحقول التي تريد تحديثها\n- باقي الحقول ستبقى كما هي\n- يمكنك تحديث الصور أيضاً\n\n## مثال:\nلتحديث السعر فقط، أرسل:\n```\nregular_price: 299.00\n```\n\n## ملاحظات:\n✅ استخدم POST وليس PUT\n✅ ID المنتج يُحفظ تلقائياً في المتغير\n✅ يمكنك تحديث الصورة الرئيسية\n✅ Form Data وليس JSON"
					},
					"response": []
				},
				{
					"name": "عرض جميع المنتجات الفيزيائية - مع Pagination",
					"request": {
						"method": "GET",
						"header": [],
						"url": {
							"raw": "{{base_url}}/physical-products?page=1&per_page=10&orderby=date&order=DESC",
							"host": [
								"{{base_url}}"
							],
							"path": [
								"physical-products"
							],
							"query": [
								{
									"key": "page",
									"value": "1",
									"description": "📄 رقم الصفحة\nابدأ من 1"
								},
								{
									"key": "per_page",
									"value": "10",
									"description": "🔢 عدد المنتجات في كل صفحة\nالحد الأقصى: 100"
								},
								{
									"key": "orderby",
									"value": "date",
									"description": "📊 الترتيب حسب:\n- date: التاريخ\n- title: العنوان\n- price: السعر\n- popularity: الشعبية\n- rating: التقييم"
								},
								{
									"key": "order",
									"value": "DESC",
									"description": "⬇️ اتجاه الترتيب:\n- DESC: تنازلي (الأحدث أولاً)\n- ASC: تصاعدي (الأقدم أولاً)"
								}
							]
						},
						"description": "# 📋 عرض جميع المنتجات الفيزيائية\n\n## Parameters:\n\n### page\n- رقم الصفحة المطلوبة\n- الافتراضي: 1\n- مثال: `page=2` للصفحة الثانية\n\n### per_page\n- عدد المنتجات في كل صفحة\n- الافتراضي: 10\n- الحد الأقصى: 100\n- مثال: `per_page=20`\n\n### orderby\n- الترتيب حسب:\n  - **date**: التاريخ (الأحدث)\n  - **title**: الاسم\n  - **price**: السعر\n  - **popularity**: عدد المبيعات\n  - **rating**: التقييم\n\n### order\n- اتجاه الترتيب:\n  - **DESC**: تنازلي (الأكبر أولاً)\n  - **ASC**: تصاعدي (الأصغر أولاً)\n\n## الاستجابة:\n```json\n{\n  \"success\": true,\n  \"total\": 45,\n  \"total_pages\": 5,\n  \"current_page\": 1,\n  \"per_page\": 10,\n  \"products\": [... قائمة المنتجات ...]\n}\n```\n\n## أمثلة:\n\n### الصفحة الأولى (10 منتجات):\n`GET /physical-products?page=1&per_page=10`\n\n### الصفحة الثانية (20 منتج):\n`GET /physical-products?page=2&per_page=20`\n\n### الأرخص أولاً:\n`GET /physical-products?orderby=price&order=ASC`\n\n### الأحدث أولاً:\n`GET /physical-products?orderby=date&order=DESC`\n\n### الأكثر مبيعاً:\n`GET /physical-products?orderby=popularity&order=DESC`"
					},
					"response": []
				},
				{
					"name": "عرض منتج فيزيائي واحد",
					"request": {
						"method": "GET",
						"header": [],
						"url": {
							"raw": "{{base_url}}/physical-products/{{physical_product_id}}",
							"host": [
								"{{base_url}}"
							],
							"path": [
								"physical-products",
								"{{physical_product_id}}"
							]
						},
						"description": "# 🔍 عرض تفاصيل منتج فيزيائي واحد\n\n## الاستخدام:\nاستبدل `{{physical_product_id}}` برقم المنتج\n\n## معلومات المنتج المعروضة:\n✅ جميع البيانات الأساسية\n✅ الأسعار والتخفيضات\n✅ المخزون والكميات\n✅ الأبعاد والوزن\n✅ التصنيفات والوسوم\n✅ جميع الصور (رئيسية + معرض)\n✅ التقييمات والمراجعات\n✅ إجمالي المبيعات\n\n## مثال على الاستجابة:\n```json\n{\n  \"success\": true,\n  \"product\": {\n    \"id\": 123,\n    \"name\": \"هاتف سامسونج\",\n    \"price\": \"4299.00\",\n    \"images\": {\n      \"main_image\": {...},\n      \"gallery\": [...]\n    },\n    ...\n  }\n}\n```"
					},
					"response": []
				},
				{
					"name": "البحث في المنتجات الفيزيائية - مع Pagination",
					"request": {
						"method": "GET",
						"header": [],
						"url": {
							"raw": "{{base_url}}/physical-products/search?s=هاتف&page=1&per_page=10",
							"host": [
								"{{base_url}}"
							],
							"path": [
								"physical-products",
								"search"
							],
							"query": [
								{
									"key": "s",
									"value": "هاتف",
									"description": "🔍 كلمة البحث (مطلوب)\nيبحث في:\n- اسم المنتج\n- الوصف الكامل\n- الوصف المختصر\n- رقم SKU"
								},
								{
									"key": "page",
									"value": "1",
									"description": "📄 رقم صفحة النتائج"
								},
								{
									"key": "per_page",
									"value": "10",
									"description": "🔢 عدد النتائج في كل صفحة"
								}
							]
						},
						"description": "# 🔍 البحث في المنتجات الفيزيائية\n\n## Parameters:\n\n### s (مطلوب)\n- كلمة أو عبارة البحث\n- يبحث في:\n  - ✅ اسم المنتج\n  - ✅ الوصف الكامل\n  - ✅ الوصف المختصر\n  - ✅ رقم SKU\n\n### page\n- رقم صفحة النتائج\n- الافتراضي: 1\n\n### per_page\n- عدد النتائج في كل صفحة\n- الافتراضي: 10\n- الحد الأقصى: 100\n\n## أمثلة:\n\n### بحث بسيط:\n`GET /physical-products/search?s=هاتف`\n\n### بحث مع عدة كلمات:\n`GET /physical-products/search?s=هاتف سامسونج`\n\n### بحث بـ SKU:\n`GET /physical-products/search?s=PHONE-001`\n\n### بحث مع pagination:\n`GET /physical-products/search?s=هاتف&page=2&per_page=20`\n\n## الاستجابة:\n```json\n{\n  \"success\": true,\n  \"search_term\": \"هاتف\",\n  \"total\": 5,\n  \"total_pages\": 1,\n  \"current_page\": 1,\n  \"products\": [...]\n}\n```\n\n## نصائح:\n✅ استخدم كلمات محددة للنتائج الأفضل\n✅ البحث غير حساس لحالة الأحرف\n✅ يدعم البحث باللغة العربية والإنجليزية\n✅ يمكن البحث بجزء من الكلمة"
					},
					"response": []
				},
				{
					"name": "حذف منتج فيزيائي",
					"request": {
						"method": "DELETE",
						"header": [],
						"url": {
							"raw": "{{base_url}}/physical-products/{{physical_product_id}}",
							"host": [
								"{{base_url}}"
							],
							"path": [
								"physical-products",
								"{{physical_product_id}}"
							]
						},
						"description": "# 🗑️ حذف منتج فيزيائي\n\n## ⚠️ تحذير:\n- هذا الإجراء **لا يمكن التراجع عنه**\n- سيتم حذف المنتج نهائياً من قاعدة البيانات\n- سيتم حذف جميع الصور المرتبطة\n\n## الاستجابة:\n```json\n{\n  \"success\": true,\n  \"message\": \"Product deleted successfully.\",\n  \"deleted_product\": {\n    ... بيانات المنتج المحذوف ...\n  }\n}\n```\n\n## ملاحظات:\n✅ يُعاد بيانات المنتج المحذوف للمراجعة\n✅ الحذف نهائي وليس مؤقت\n✅ تأكد من رقم المنتج قبل الحذف"
					},
					"response": []
				},
				{
					"name": "إحصائيات المنتجات الفيزيائية",
					"request": {
						"method": "GET",
						"header": [],
						"url": {
							"raw": "{{base_url}}/physical-products/stats",
							"host": [
								"{{base_url}}"
							],
							"path": [
								"physical-products",
								"stats"
							]
						},
						"description": "# 📊 إحصائيات المنتجات الفيزيائية\n\n## المعلومات المعروضة:\n\n### 1. عدد المنتجات:\n- إجمالي عدد المنتجات الفيزيائية\n- عدد المنتجات المتوفرة\n- عدد المنتجات غير المتوفرة\n- عدد المنتجات في الطلب المسبق\n\n### 2. معلومات المخزون:\n- إجمالي كمية المخزون\n- متوسط الكمية لكل منتج\n\n### 3. معلومات الأسعار:\n- إجمالي قيمة المنتجات\n- متوسط سعر المنتج\n\n### 4. المبيعات:\n- إجمالي المبيعات لجميع المنتجات\n\n## مثال على الاستجابة:\n```json\n{\n  \"success\": true,\n  \"statistics\": {\n    \"total_products\": 150,\n    \"in_stock\": 120,\n    \"out_of_stock\": 25,\n    \"on_backorder\": 5,\n    \"total_value\": \"SAR 450,000\",\n    \"total_value_raw\": 450000.00,\n    \"total_stock_quantity\": 5000,\n    \"total_sales\": 1250,\n    \"average_price\": \"SAR 3,000\",\n    \"average_price_raw\": 3000.00\n  }\n}\n```\n\n## الاستخدامات:\n✅ تحليل المخزون\n✅ تخطيط المشتريات\n✅ مراقبة الأداء\n✅ اتخاذ القرارات التجارية"
					},
					"response": []
				}
			],
			"description": "# 🔵 المنتجات الفيزيائية (Physical Products)\n\nجميع endpoints لإدارة المنتجات الملموسة التي يتم شحنها.\n\n## ما هي المنتجات الفيزيائية؟\n- منتجات ملموسة يتم شحنها للعميل\n- لها وزن وأبعاد\n- تحتاج إلى معلومات الشحن\n- أمثلة: هواتف، ملابس، أجهزة\n\n## العمليات المتاحة:\n1. ✅ **إضافة منتج**: مع صور وجميع الحقول\n2. ✅ **تعديل منتج**: تحديث أي حقل\n3. ✅ **عرض الكل**: مع pagination وترتيب\n4. ✅ **عرض واحد**: جميع التفاصيل\n5. ✅ **البحث**: مع pagination\n6. ✅ **حذف**: حذف نهائي\n7. ✅ **إحصائيات**: تقارير شاملة\n\n## الحقول المدعومة:\n- معلومات أساسية: name, description, SKU\n- أسعار: regular_price, sale_price\n- مخزون: stock_quantity, stock_status\n- شحن: weight, dimensions\n- صور: main_image, gallery_images\n- تصنيف: categories, tags\n- إعدادات: status, featured, visibility\n- ضرائب: tax_status, tax_class\n\n## ملاحظات مهمة:\n⚠️ استخدم **Form Data** وليس JSON\n⚠️ الصور: ارفع ملفات فعلية\n⚠️ جميع الحقول اختيارية ماعدا `name`"
		},
		{
			"name": "🟢 Variable Products - المنتجات المتغيرة",
			"item": [
				{
					"name": "إضافة منتج متغير - مع صور وتنويعات",
					"event": [
						{
							"listen": "test",
							"script": {
								"exec": [
									"pm.test(\"Status code is 200\", function () {",
									"    pm.response.to.have.status(200);",
									"});",
									"",
									"pm.test(\"Variable product created\", function () {",
									"    var jsonData = pm.response.json();",
									"    pm.expect(jsonData.success).to.eql(true);",
									"    pm.expect(jsonData.product_id).to.exist;",
									"    pm.environment.set(\"variable_product_id\", jsonData.product_id);",
									"    console.log(\"Variable Product ID: \" + jsonData.product_id);",
									"});"
								],
								"type": "text/javascript"
							}
						}
					],
					"request": {
						"method": "POST",
						"header": [],
						"body": {
							"mode": "formdata",
							"formdata": [
								{
									"key": "name",
									"value": "قميص رجالي كلاسيكي",
									"description": "✅ اسم المنتج (مطلوب)",
									"type": "text"
								},
								{
									"key": "description",
									"value": "<h3>قميص قطني فاخر</h3><p>قميص رجالي عالي الجودة من القطن الخالص 100%. مناسب للمناسبات الرسمية والكاجوال.</p><ul><li>قماش قطني مريح</li><li>ألوان ثابتة</li><li>سهل العناية</li></ul>",
									"description": "📝 الوصف الكامل",
									"type": "text"
								},
								{
									"key": "short_description",
									"value": "قميص قطني فاخر متوفر بعدة ألوان ومقاسات",
									"description": "📄 الوصف المختصر",
									"type": "text"
								},
								{
									"key": "sku",
									"value": "SHIRT-CLASSIC-001",
									"description": "🏷️ رقم SKU للمنتج الأساسي",
									"type": "text"
								},
								{
									"key": "status",
									"value": "publish",
									"description": "📢 حالة النشر",
									"type": "text"
								},
								{
									"key": "featured",
									"value": "true",
									"description": "⭐ منتج مميز",
									"type": "text"
								},
								{
									"key": "attributes",
									"value": "[\n  {\n    \"name\": \"Color\",\n    \"options\": [\"أبيض\", \"أزرق\", \"أسود\", \"رمادي\"]\n  },\n  {\n    \"name\": \"Size\",\n    \"options\": [\"S\", \"M\", \"L\", \"XL\", \"XXL\"]\n  }\n]",
									"description": "🎨 الخصائص (Attributes)\nJSON array يحتوي على:\n- name: اسم الخاصية\n- options: array من الخيارات المتاحة",
									"type": "text"
								},
								{
									"key": "variations",
									"value": "[\n  {\n    \"attributes\": {\"Color\": \"أبيض\", \"Size\": \"M\"},\n    \"regular_price\": 199.00,\n    \"sale_price\": 159.00,\n    \"stock_quantity\": 30,\n    \"stock_status\": \"instock\",\n    \"sku\": \"SHIRT-CLASSIC-001-WHITE-M\"\n  },\n  {\n    \"attributes\": {\"Color\": \"أبيض\", \"Size\": \"L\"},\n    \"regular_price\": 199.00,\n    \"sale_price\": 159.00,\n    \"stock_quantity\": 25,\n    \"stock_status\": \"instock\",\n    \"sku\": \"SHIRT-CLASSIC-001-WHITE-L\"\n  },\n  {\n    \"attributes\": {\"Color\": \"أزرق\", \"Size\": \"M\"},\n    \"regular_price\": 199.00,\n    \"sale_price\": 159.00,\n    \"stock_quantity\": 20,\n    \"stock_status\": \"instock\",\n    \"sku\": \"SHIRT-CLASSIC-001-BLUE-M\"\n  },\n  {\n    \"attributes\": {\"Color\": \"أزرق\", \"Size\": \"L\"},\n    \"regular_price\": 199.00,\n    \"stock_quantity\": 15,\n    \"stock_status\": \"instock\",\n    \"sku\": \"SHIRT-CLASSIC-001-BLUE-L\"\n  },\n  {\n    \"attributes\": {\"Color\": \"أسود\", \"Size\": \"M\"},\n    \"regular_price\": 209.00,\n    \"sale_price\": 169.00,\n    \"stock_quantity\": 35,\n    \"stock_status\": \"instock\",\n    \"sku\": \"SHIRT-CLASSIC-001-BLACK-M\"\n  },\n  {\n    \"attributes\": {\"Color\": \"أسود\", \"Size\": \"L\"},\n    \"regular_price\": 209.00,\n    \"sale_price\": 169.00,\n    \"stock_quantity\": 30,\n    \"stock_status\": \"instock\",\n    \"sku\": \"SHIRT-CLASSIC-001-BLACK-L\"\n  }\n]",
									"description": "🔢 التنويعات (Variations)\nJSON array لكل تنويعة مع:\n- attributes: {اسم_الخاصية: القيمة}\n- regular_price: السعر العادي\n- sale_price: سعر التخفيض (اختياري)\n- stock_quantity: الكمية\n- stock_status: حالة المخزون\n- sku: رقم SKU فريد لكل تنويعة",
									"type": "text"
								},
								{
									"key": "main_image",
									"description": "🖼️ الصورة الرئيسية للمنتج",
									"type": "file",
									"src": []
								},
								{
									"key": "gallery_images[]",
									"description": "🖼️ صور المعرض",
									"type": "file",
									"src": []
								},
								{
									"key": "variation_image_0",
									"description": "🖼️ صورة التنويعة الأولى (اختياري)\nرقم التنويعة يبدأ من 0",
									"type": "file",
									"src": [],
									"disabled": true
								},
								{
									"key": "variation_image_1",
									"description": "🖼️ صورة التنويعة الثانية (اختياري)",
									"type": "file",
									"src": [],
									"disabled": true
								}
							]
						},
						"url": {
							"raw": "{{base_url}}/variable-products",
							"host": [
								"{{base_url}}"
							],
							"path": [
								"variable-products"
							]
						},
						"description": "# 👕 إضافة منتج متغير كامل\n\n## ما هو المنتج المتغير؟\nمنتج له خيارات متعددة (مثل: ألوان، مقاسات، مواد)\nكل خيار له سعر ومخزون منفصل\n\n## المكونات الأساسية:\n\n### 1. معلومات المنتج الأساسية:\n- name: اسم المنتج\n- description: الوصف\n- sku: رقم تعريفي\n- status: publish/draft\n- featured: true/false\n\n### 2. الخصائص (Attributes):\nJSON Array يحدد الخيارات المتاحة:\n```json\n[\n  {\n    \"name\": \"Color\",\n    \"options\": [\"أبيض\", \"أزرق\", \"أسود\"]\n  },\n  {\n    \"name\": \"Size\",\n    \"options\": [\"S\", \"M\", \"L\", \"XL\"]\n  }\n]\n```\n\n### 3. التنويعات (Variations):\nJSON Array لكل تركيبة من الخصائص:\n```json\n[\n  {\n    \"attributes\": {\"Color\": \"أبيض\", \"Size\": \"M\"},\n    \"regular_price\": 199.00,\n    \"sale_price\": 159.00,\n    \"stock_quantity\": 30,\n    \"stock_status\": \"instock\",\n    \"sku\": \"SHIRT-001-WHITE-M\"\n  }\n]\n```\n\n### حقول التنويعة:\n- **attributes**: تركيبة الخصائص (مطلوب)\n- **regular_price**: السعر العادي\n- **sale_price**: سعر التخفيض (اختياري)\n- **stock_quantity**: الكمية المتوفرة\n- **stock_status**: instock/outofstock\n- **sku**: رقم SKU فريد (موصى به)\n\n### 4. الصور:\n- **main_image**: صورة المنتج الرئيسية\n- **gallery_images[]**: صور المعرض (متعددة)\n- **variation_image_0**: صورة للتنويعة الأولى (اختياري)\n- **variation_image_1**: صورة للتنويعة الثانية (اختياري)\n- وهكذا...\n\n## مثال كامل:\n\n### قميص بـ 3 ألوان × 2 مقاس = 6 تنويعات\n\n```\nname: قميص رجالي\n\nattributes: [\n  {\"name\": \"Color\", \"options\": [\"أبيض\", \"أزرق\", \"أسود\"]},\n  {\"name\": \"Size\", \"options\": [\"M\", \"L\"]}\n]\n\nvariations: [\n  {\"attributes\": {\"Color\": \"أبيض\", \"Size\": \"M\"}, ...},\n  {\"attributes\": {\"Color\": \"أبيض\", \"Size\": \"L\"}, ...},\n  {\"attributes\": {\"Color\": \"أزرق\", \"Size\": \"M\"}, ...},\n  {\"attributes\": {\"Color\": \"أزرق\", \"Size\": \"L\"}, ...},\n  {\"attributes\": {\"Color\": \"أسود\", \"Size\": \"M\"}, ...},\n  {\"attributes\": {\"Color\": \"أسود\", \"Size\": \"L\"}, ...}\n]\n```\n\n## ملاحظات مهمة:\n✅ استخدم Form Data\n✅ attributes و variations بصيغة JSON\n✅ يمكنك إضافة صورة لكل تنويعة\n✅ SKU فريد لكل تنويعة موصى به\n✅ التنويعات تبدأ من 0 (variation_image_0)"
					},
					"response": []
				},
				{
					"name": "تعديل منتج متغير",
					"request": {
						"method": "POST",
						"header": [],
						"body": {
							"mode": "formdata",
							"formdata": [
								{
									"key": "name",
									"value": "قميص رجالي كلاسيكي - محدث 2024",
									"description": "تحديث اسم المنتج",
									"type": "text"
								},
								{
									"key": "description",
									"value": "<p>وصف محدث مع موديلات 2024</p>",
									"description": "تحديث الوصف",
									"type": "text"
								},
								{
									"key": "attributes",
									"value": "[\n  {\n    \"name\": \"Color\",\n    \"options\": [\"أبيض\", \"أزرق\", \"أسود\", \"رمادي\", \"بني\"]\n  },\n  {\n    \"name\": \"Size\",\n    \"options\": [\"S\", \"M\", \"L\", \"XL\", \"XXL\"]\n  }\n]",
									"description": "تحديث الخصائص (إضافة لون بني)",
									"type": "text"
								}
							]
						},
						"url": {
							"raw": "{{base_url}}/variable-products/{{variable_product_id}}",
							"host": [
								"{{base_url}}"
							],
							"path": [
								"variable-products",
								"{{variable_product_id}}"
							]
						},
						"description": "# ✏️ تعديل منتج متغير\n\n## الاستخدام:\n- أرسل فقط الحقول المراد تحديثها\n- يمكن تحديث المعلومات الأساسية\n- يمكن تحديث الخصائص (Attributes)\n- لتحديث التنويعات: يجب إعادة إنشائها\n\n## ملاحظات:\n✅ POST method\n✅ Form Data\n✅ ID يُحفظ تلقائياً\n✅ تحديث Attributes لن يؤثر على Variations الموجودة"
					},
					"response": []
				},
				{
					"name": "عرض جميع المنتجات المتغيرة - مع Pagination",
					"request": {
						"method": "GET",
						"header": [],
						"url": {
							"raw": "{{base_url}}/variable-products?page=1&per_page=10",
							"host": [
								"{{base_url}}"
							],
							"path": [
								"variable-products"
							],
							"query": [
								{
									"key": "page",
									"value": "1",
									"description": "📄 رقم الصفحة"
								},
								{
									"key": "per_page",
									"value": "10",
									"description": "🔢 عدد المنتجات في الصفحة"
								}
							]
						},
						"description": "# 📋 عرض جميع المنتجات المتغيرة\n\n## Parameters:\n- **page**: رقم الصفحة (افتراضي: 1)\n- **per_page**: عدد المنتجات (افتراضي: 10، أقصى: 100)\n\n## الاستجابة تتضمن:\n- معلومات المنتج الأساسية\n- جميع الخصائص (Attributes)\n- جميع التنويعات (Variations) مع تفاصيلها\n- عدد التنويعات\n- جميع الصور\n\n## أمثلة:\n```\n# الصفحة الأولى:\nGET /variable-products?page=1&per_page=10\n\n# الصفحة الثانية بـ 20 منتج:\nGET /variable-products?page=2&per_page=20\n```"
					},
					"response": []
				},
				{
					"name": "عرض منتج متغير واحد",
					"request": {
						"method": "GET",
						"header": [],
						"url": {
							"raw": "{{base_url}}/variable-products/{{variable_product_id}}",
							"host": [
								"{{base_url}}"
							],
							"path": [
								"variable-products",
								"{{variable_product_id}}"
							]
						},
						"description": "# 🔍 عرض تفاصيل منتج متغير\n\n## المعلومات المعروضة:\n✅ بيانات المنتج الأساسية\n✅ جميع الخصائص (Attributes)\n✅ جميع التنويعات مع:\n  - الخصائص المحددة\n  - الأسعار\n  - المخزون\n  - الصور\n✅ عدد التنويعات الإجمالي\n✅ نطاق الأسعار (أقل - أعلى)\n✅ الصور (رئيسية + معرض)"
					},
					"response": []
				},
				{
					"name": "البحث في المنتجات المتغيرة - مع Pagination",
					"request": {
						"method": "GET",
						"header": [],
						"url": {
							"raw": "{{base_url}}/variable-products/search?s=قميص&page=1&per_page=10",
							"host": [
								"{{base_url}}"
							],
							"path": [
								"variable-products",
								"search"
							],
							"query": [
								{
									"key": "s",
									"value": "قميص",
									"description": "🔍 كلمة البحث (مطلوب)"
								},
								{
									"key": "page",
									"value": "1",
									"description": "📄 رقم الصفحة"
								},
								{
									"key": "per_page",
									"value": "10",
									"description": "🔢 عدد النتائج"
								}
							]
						},
						"description": "# 🔍 البحث في المنتجات المتغيرة\n\n## Parameters:\n\n### s (مطلوب)\n- كلمة البحث\n- يبحث في:\n  - اسم المنتج\n  - الوصف الكامل\n  - الوصف المختصر\n  - رقم SKU\n\n### page\n- رقم صفحة النتائج\n- الافتراضي: 1\n\n### per_page\n- عدد النتائج في الصفحة\n- الافتراضي: 10\n\n## أمثلة:\n```\n# بحث بسيط:\nGET /variable-products/search?s=قميص\n\n# مع pagination:\nGET /variable-products/search?s=قميص&page=2&per_page=20\n```"
					},
					"response": []
				},
				{
					"name": "حذف منتج متغير",
					"request": {
						"method": "DELETE",
						"header": [],
						"url": {
							"raw": "{{base_url}}/variable-products/{{variable_product_id}}",
							"host": [
								"{{base_url}}"
							],
							"path": [
								"variable-products",
								"{{variable_product_id}}"
							]
						},
						"description": "# 🗑️ حذف منتج متغير\n\n## ⚠️ تحذير:\n- حذف نهائي لا يمكن التراجع عنه\n- سيتم حذف جميع التنويعات تلقائياً\n- سيتم حذف جميع الصور المرتبطة\n\n## الاستجابة:\n```json\n{\n  \"success\": true,\n  \"message\": \"Variable product deleted successfully.\",\n  \"deleted_product\": {...}\n}\n```"
					},
					"response": []
				},
				{
					"name": "إحصائيات المنتجات المتغيرة",
					"request": {
						"method": "GET",
						"header": [],
						"url": {
							"raw": "{{base_url}}/variable-products/stats",
							"host": [
								"{{base_url}}"
							],
							"path": [
								"variable-products",
								"stats"
							]
						},
						"description": "# 📊 إحصائيات المنتجات المتغيرة\n\n## المعلومات المعروضة:\n\n### 1. أعداد المنتجات:\n- إجمالي عدد المنتجات المتغيرة\n- إجمالي عدد التنويعات\n- متوسط التنويعات لكل منتج\n\n### 2. حالة المخزون:\n- عدد المنتجات المتوفرة\n- عدد المنتجات غير المتوفرة\n\n### 3. نطاق الأسعار:\n- أقل سعر في التنويعات\n- أعلى سعر في التنويعات\n\n## مثال على الاستجابة:\n```json\n{\n  \"success\": true,\n  \"statistics\": {\n    \"total_products\": 50,\n    \"total_variations\": 600,\n    \"average_variations_per_product\": 12,\n    \"in_stock\": 45,\n    \"out_of_stock\": 5,\n    \"price_range\": {\n      \"min\": \"SAR 99\",\n      \"max\": \"SAR 599\",\n      \"min_raw\": 99.00,\n      \"max_raw\": 599.00\n    }\n  }\n}\n```\n\n## الاستخدامات:\n✅ تحليل التنوع في المنتجات\n✅ مراقبة نطاق الأسعار\n✅ تخطيط المخزون\n✅ قرارات التسعير"
					},
					"response": []
				}
			],
			"description": "# 🟢 المنتجات المتغيرة (Variable Products)\n\nجميع endpoints لإدارة المنتجات ذات الخيارات المتعددة.\n\n## ما هي المنتجات المتغيرة؟\n- منتجات لها خيارات متعددة (ألوان، مقاسات، إلخ)\n- كل تركيبة من الخيارات = تنويعة (Variation)\n- كل تنويعة لها سعر ومخزون منفصل\n- أمثلة: ملابس، أحذية، إكسسوارات\n\n## المكونات الأساسية:\n\n### 1. المنتج الأساسي (Parent Product):\n- معلومات عامة عن المنتج\n- الوصف والصور الرئيسية\n- SKU أساسي\n\n### 2. الخصائص (Attributes):\n- تحديد أنواع الخيارات\n- مثال: Color, Size, Material\n- كل خاصية لها options متعددة\n\n### 3. التنويعات (Variations):\n- تركيبة محددة من الخصائص\n- سعر خاص\n- مخزون خاص\n- SKU فريد\n- صورة خاصة (اختياري)\n\n## مثال عملي:\n\n### قميص:\n- **Attributes:**\n  - Color: [أبيض, أزرق, أسود]\n  - Size: [S, M, L, XL]\n\n- **Variations:**\n  - أبيض + S = تنويعة 1\n  - أبيض + M = تنويعة 2\n  - أزرق + S = تنويعة 3\n  - ... وهكذا\n\n## العمليات المتاحة:\n1. ✅ **إضافة منتج متغير**: مع خصائص وتنويعات\n2. ✅ **تعديل منتج**: تحديث المعلومات والخصائص\n3. ✅ **عرض الكل**: pagination مع كل التفاصيل\n4. ✅ **عرض واحد**: جميع التنويعات والصور\n5. ✅ **البحث**: مع pagination\n6. ✅ **حذف**: حذف المنتج وجميع تنويعاته\n7. ✅ **إحصائيات**: تقارير تفصيلية\n\n## تنسيق البيانات:\n\n### Attributes (JSON):\n```json\n[\n  {\n    \"name\": \"Color\",\n    \"options\": [\"أبيض\", \"أزرق\", \"أسود\"]\n  },\n  {\n    \"name\": \"Size\",\n    \"options\": [\"S\", \"M\", \"L\"]\n  }\n]\n```\n\n### Variations (JSON):\n```json\n[\n  {\n    \"attributes\": {\"Color\": \"أبيض\", \"Size\": \"M\"},\n    \"regular_price\": 199.00,\n    \"sale_price\": 159.00,\n    \"stock_quantity\": 30,\n    \"stock_status\": \"instock\",\n    \"sku\": \"SHIRT-001-WHITE-M\"\n  }\n]\n```\n\n## ملاحظات مهمة:\n⚠️ استخدم Form Data\n⚠️ attributes و variations بصيغة JSON نصية\n⚠️ يمكن إضافة صورة لكل تنويعة\n⚠️ SKU فريد لكل تنويعة (موصى به)"
		},
		{
			"name": "🔐 Authentication Tests",
			"item": [
				{
					"name": "اختبار المفاتيح - صحيحة",
					"request": {
						"method": "GET",
						"header": [],
						"url": {
							"raw": "{{base_url}}/physical-products/stats",
							"host": [
								"{{base_url}}"
							],
							"path": [
								"physical-products",
								"stats"
							]
						},
						"description": "# ✅ اختبار مفاتيح API الصحيحة\n\n## الغرض:\nالتحقق من أن مفاتيح API تعمل بشكل صحيح\n\n## المتوقع:\n- Status Code: 200 OK\n- استجابة JSON مع البيانات\n\n## في حالة الفشل:\n- 401: مفاتيح خاطئة\n- 403: صلاحيات غير كافية\n\n## المفاتيح المستخدمة:\n- Consumer Key: ck_2210fb8d333da5da151029715a85618a4b283a52\n- Consumer Secret: cs_7f1073e18d0af70d01c84692ce8c04609a722b5c"
					},
					"response": []
				},
				{
					"name": "اختبار المفاتيح - خاطئة",
					"request": {
						"auth": {
							"type": "basic",
							"basic": [
								{
									"key": "username",
									"value": "invalid_key",
									"type": "string"
								},
								{
									"key": "password",
									"value": "invalid_secret",
									"type": "string"
								}
							]
						},
						"method": "GET",
						"header": [],
						"url": {
							"raw": "{{base_url}}/physical-products/stats",
							"host": [
								"{{base_url}}"
							],
							"path": [
								"physical-products",
								"stats"
							]
						},
						"description": "# ❌ اختبار مفاتيح API خاطئة\n\n## الغرض:\nاختبار سلوك API عند استخدام مفاتيح غير صحيحة\n\n## المتوقع:\n- Status Code: 401 Unauthorized\n- رسالة خطأ واضحة\n\n## يوضح:\n- حماية API من الوصول غير المصرح\n- رسائل خطأ مفيدة"
					},
					"response": []
				}
			],
			"description": "# 🔐 اختبارات التوثيق (Authentication Tests)\n\n## الغرض:\nالتحقق من عمل نظام الحماية والتوثيق\n\n## المفاتيح المستخدمة:\n```\nConsumer Key: ck_2210fb8d333da5da151029715a85618a4b283a52\nConsumer Secret: cs_7f1073e18d0af70d01c84692ce8c04609a722b5c\n```\n\n## طرق التوثيق المدعومة:\n\n### 1. Basic Authentication (موصى به):\n```\nUsername: Consumer Key\nPassword: Consumer Secret\n```\nيتم إرسالها في Header تلقائياً\n\n### 2. Query Parameters:\n```\n?consumer_key=ck_xxx&consumer_secret=cs_xxx\n```\nأقل أماناً لكن سهل للاختبار\n\n## متطلبات الحماية:\n✅ مفاتيح WooCommerce API صحيحة\n✅ صلاحيات Read/Write للمفاتيح\n✅ المستخدم لديه manage_woocommerce capability\n\n## مستويات الأمان:\n1. **التحقق من وجود المفاتيح**\n2. **التحقق من صحة المفاتيح**\n3. **التحقق من صلاحيات المفاتيح**\n4. **التحقق من صلاحيات المستخدم**\n\n## رموز الأخطاء:\n- **401 Unauthorized**: مفاتيح خاطئة أو مفقودة\n- **403 Forbidden**: صلاحيات غير كافية\n- **404 Not Found**: endpoint غير موجود\n- **500 Server Error**: خطأ في الخادم"
		}
	],
	"variable": [
		{
			"key": "base_url",
			"value": "https://dev.murjan.sa/wp-json/murjan-api/v1",
			"type": "string"
		},
		{
			"key": "physical_product_id",
			"value": "",
			"type": "string"
		},
		{
			"key": "variable_product_id",
			"value": "",
			"type": "string"
		}
	]
}

