{
	"info": {
		"_postman_id": "murjan-woo-api-2024",
		"name": "WooCommerce Products API - Murjan",
		"description": "مجموعة كاملة لاختبار API إدارة المنتجات الفيزيائية والمتغيرة في WooCommerce\n\n## المتطلبات\n- WooCommerce مفعل على الموقع\n- مفاتيح API (Consumer Key & Secret) موجودة في قسم Authentication\n- صلاحيات Read/Write للمفاتيح\n\n## الرابط الأساسي\nhttps://dev.murjan.sa/wp-json/murjan-api/v1",
		"schema": "https://schema.getpostman.com/json/collection/v2.1.0/collection.json"
	},
	"auth": {
		"type": "basic",
		"basic": [
			{
				"key": "username",
				"value": "ck_2210fb8d333da5da151029715a85618a4b283a52",
				"type": "string"
			},
			{
				"key": "password",
				"value": "cs_7f1073e18d0af70d01c84692ce8c04609a722b5c",
				"type": "string"
			}
		]
	},
	"item": [
		{
			"name": "🔵 Physical Products",
			"item": [
				{
					"name": "إضافة منتج فيزيائي جديد",
					"event": [
						{
							"listen": "test",
							"script": {
								"exec": [
									"pm.test(\"Status code is 200\", function () {",
									"    pm.response.to.have.status(200);",
									"});",
									"",
									"pm.test(\"Product created successfully\", function () {",
									"    var jsonData = pm.response.json();",
									"    pm.expect(jsonData.success).to.eql(true);",
									"    pm.expect(jsonData.product_id).to.exist;",
									"    ",
									"    // Save product ID for other requests",
									"    pm.environment.set(\"physical_product_id\", jsonData.product_id);",
									"});"
								],
								"type": "text/javascript"
							}
						}
					],
					"request": {
						"method": "POST",
						"header": [
							{
								"key": "Content-Type",
								"value": "application/json"
							}
						],
						"body": {
							"mode": "raw",
							"raw": "{\n    \"name\": \"هاتف ذكي سامسونج جالاكسي\",\n    \"description\": \"هاتف ذكي بشاشة AMOLED مقاس 6.5 بوصة، معالج قوي، كاميرا رباعية بدقة 108 ميجابكسل، بطارية 5000 مللي أمبير.\",\n    \"short_description\": \"هاتف سامسونج الجديد بمواصفات رائعة\",\n    \"sku\": \"PHONE-SAM-001\",\n    \"regular_price\": 2999.00,\n    \"sale_price\": 2499.00,\n    \"stock_quantity\": 50,\n    \"stock_status\": \"instock\",\n    \"weight\": 0.195,\n    \"length\": 16.2,\n    \"width\": 7.5,\n    \"height\": 0.9\n}"
						},
						"url": {
							"raw": "{{base_url}}/physical-products",
							"host": [
								"{{base_url}}"
							],
							"path": [
								"physical-products"
							]
						},
						"description": "### إضافة منتج فيزيائي جديد\n\nيستخدم هذا الـ Endpoint لإضافة منتج فيزيائي (Physical Product) جديد إلى المتجر.\n\n**الحقول المطلوبة:**\n- `name`: اسم المنتج (مطلوب)\n- `regular_price`: السعر العادي\n- `stock_quantity`: كمية المخزون\n\n**الحقول الاختيارية:**\n- `description`: الوصف الكامل\n- `short_description`: الوصف المختصر\n- `sku`: رقم SKU\n- `sale_price`: سعر التخفيض\n- `weight`: الوزن بالكيلوجرام\n- `length`, `width`, `height`: الأبعاد بالسنتيمتر"
					},
					"response": []
				},
				{
					"name": "تعديل منتج فيزيائي",
					"request": {
						"method": "PUT",
						"header": [
							{
								"key": "Content-Type",
								"value": "application/json"
							}
						],
						"body": {
							"mode": "raw",
							"raw": "{\n    \"name\": \"هاتف ذكي سامسونج جالاكسي - محدث\",\n    \"regular_price\": 2899.00,\n    \"sale_price\": 2399.00,\n    \"stock_quantity\": 75,\n    \"description\": \"هاتف ذكي محدث بأحدث المواصفات والتقنيات\"\n}"
						},
						"url": {
							"raw": "{{base_url}}/physical-products/{{physical_product_id}}",
							"host": [
								"{{base_url}}"
							],
							"path": [
								"physical-products",
								"{{physical_product_id}}"
							]
						},
						"description": "### تعديل منتج فيزيائي موجود\n\nيمكنك تعديل أي من خصائص المنتج.\nيجب تمرير ID المنتج في الـ URL.\n\n**ملاحظة:** سيتم تحديث الحقول المرسلة فقط، باقي الحقول تبقى كما هي."
					},
					"response": []
				},
				{
					"name": "عرض جميع المنتجات الفيزيائية",
					"request": {
						"method": "GET",
						"header": [],
						"url": {
							"raw": "{{base_url}}/physical-products?page=1&per_page=10",
							"host": [
								"{{base_url}}"
							],
							"path": [
								"physical-products"
							],
							"query": [
								{
									"key": "page",
									"value": "1",
									"description": "رقم الصفحة (الافتراضي: 1)"
								},
								{
									"key": "per_page",
									"value": "10",
									"description": "عدد المنتجات في الصفحة (الافتراضي: 10)"
								}
							]
						},
						"description": "### عرض جميع المنتجات الفيزيائية\n\nيعرض قائمة بجميع المنتجات الفيزيائية مع إمكانية التصفح بين الصفحات.\n\n**Parameters:**\n- `page`: رقم الصفحة المطلوبة\n- `per_page`: عدد المنتجات في كل صفحة\n\n**الاستجابة تتضمن:**\n- إجمالي عدد المنتجات\n- عدد الصفحات\n- رقم الصفحة الحالية\n- قائمة المنتجات"
					},
					"response": []
				},
				{
					"name": "عرض منتج فيزيائي واحد",
					"request": {
						"method": "GET",
						"header": [],
						"url": {
							"raw": "{{base_url}}/physical-products/{{physical_product_id}}",
							"host": [
								"{{base_url}}"
							],
							"path": [
								"physical-products",
								"{{physical_product_id}}"
							]
						},
						"description": "### عرض تفاصيل منتج فيزيائي واحد\n\nيعرض جميع تفاصيل المنتج الفيزيائي بناءً على ID المنتج.\n\n**المعلومات المعروضة:**\n- معلومات المنتج الأساسية\n- الأسعار (عادي وتخفيض)\n- حالة المخزون\n- الأبعاد والوزن\n- الصور\n- الرابط الدائم"
					},
					"response": []
				},
				{
					"name": "البحث عن منتجات فيزيائية",
					"request": {
						"method": "GET",
						"header": [],
						"url": {
							"raw": "{{base_url}}/physical-products/search?s=هاتف",
							"host": [
								"{{base_url}}"
							],
							"path": [
								"physical-products",
								"search"
							],
							"query": [
								{
									"key": "s",
									"value": "هاتف",
									"description": "كلمة البحث (مطلوب)"
								}
							]
						},
						"description": "### البحث في المنتجات الفيزيائية\n\nيبحث في أسماء ووصف المنتجات الفيزيائية.\n\n**Parameter:**\n- `s`: كلمة أو عبارة البحث (مطلوب)\n\n**البحث يشمل:**\n- اسم المنتج\n- الوصف الكامل\n- الوصف المختصر\n- SKU"
					},
					"response": []
				},
				{
					"name": "حذف منتج فيزيائي",
					"request": {
						"method": "DELETE",
						"header": [],
						"url": {
							"raw": "{{base_url}}/physical-products/{{physical_product_id}}",
							"host": [
								"{{base_url}}"
							],
							"path": [
								"physical-products",
								"{{physical_product_id}}"
							]
						},
						"description": "### حذف منتج فيزيائي\n\nيحذف المنتج الفيزيائي نهائياً من قاعدة البيانات.\n\n**تحذير:** هذا الإجراء لا يمكن التراجع عنه!\n\n**الاستجابة تتضمن:**\n- رسالة نجاح الحذف\n- بيانات المنتج المحذوف"
					},
					"response": []
				},
				{
					"name": "إحصائيات المنتجات الفيزيائية",
					"request": {
						"method": "GET",
						"header": [],
						"url": {
							"raw": "{{base_url}}/physical-products/stats",
							"host": [
								"{{base_url}}"
							],
							"path": [
								"physical-products",
								"stats"
							]
						},
						"description": "### إحصائيات المنتجات الفيزيائية\n\nيعرض إحصائيات شاملة عن جميع المنتجات الفيزيائية.\n\n**الإحصائيات تشمل:**\n- إجمالي عدد المنتجات\n- عدد المنتجات المتوفرة\n- عدد المنتجات غير المتوفرة\n- إجمالي قيمة المنتجات\n- متوسط السعر\n- إجمالي كمية المخزون"
					},
					"response": []
				}
			],
			"description": "جميع الـ Endpoints الخاصة بإدارة المنتجات الفيزيائية (Physical Products)\n\n### المنتجات الفيزيائية هي:\n- منتجات ملموسة يتم شحنها\n- لها وزن وأبعاد\n- تحتاج إلى معلومات الشحن\n\n### العمليات المتاحة:\n1. إضافة منتج جديد\n2. تعديل منتج موجود\n3. عرض جميع المنتجات\n4. عرض منتج واحد\n5. البحث في المنتجات\n6. حذف منتج\n7. عرض الإحصائيات"
		},
		{
			"name": "🟢 Variable Products",
			"item": [
				{
					"name": "إضافة منتج متغير جديد",
					"event": [
						{
							"listen": "test",
							"script": {
								"exec": [
									"pm.test(\"Status code is 200\", function () {",
									"    pm.response.to.have.status(200);",
									"});",
									"",
									"pm.test(\"Variable product created successfully\", function () {",
									"    var jsonData = pm.response.json();",
									"    pm.expect(jsonData.success).to.eql(true);",
									"    pm.expect(jsonData.product_id).to.exist;",
									"    ",
									"    // Save product ID for other requests",
									"    pm.environment.set(\"variable_product_id\", jsonData.product_id);",
									"});"
								],
								"type": "text/javascript"
							}
						}
					],
					"request": {
						"method": "POST",
						"header": [
							{
								"key": "Content-Type",
								"value": "application/json"
							}
						],
						"body": {
							"mode": "raw",
							"raw": "{\n    \"name\": \"قميص رجالي كلاسيكي\",\n    \"description\": \"قميص رجالي عالي الجودة من القطن الخالص، متوفر بعدة ألوان ومقاسات. مناسب للمناسبات الرسمية والكاجوال.\",\n    \"short_description\": \"قميص قطني فاخر بألوان ومقاسات متعددة\",\n    \"sku\": \"SHIRT-CLASS-001\",\n    \"attributes\": [\n        {\n            \"name\": \"Color\",\n            \"options\": [\"أبيض\", \"أزرق\", \"أسود\", \"رمادي\"]\n        },\n        {\n            \"name\": \"Size\",\n            \"options\": [\"S\", \"M\", \"L\", \"XL\", \"XXL\"]\n        }\n    ],\n    \"variations\": [\n        {\n            \"attributes\": {\n                \"Color\": \"أبيض\",\n                \"Size\": \"M\"\n            },\n            \"regular_price\": 199.00,\n            \"sale_price\": 159.00,\n            \"stock_quantity\": 30,\n            \"stock_status\": \"instock\",\n            \"sku\": \"SHIRT-CLASS-001-WHITE-M\"\n        },\n        {\n            \"attributes\": {\n                \"Color\": \"أبيض\",\n                \"Size\": \"L\"\n            },\n            \"regular_price\": 199.00,\n            \"sale_price\": 159.00,\n            \"stock_quantity\": 25,\n            \"stock_status\": \"instock\",\n            \"sku\": \"SHIRT-CLASS-001-WHITE-L\"\n        },\n        {\n            \"attributes\": {\n                \"Color\": \"أزرق\",\n                \"Size\": \"M\"\n            },\n            \"regular_price\": 199.00,\n            \"sale_price\": 159.00,\n            \"stock_quantity\": 20,\n            \"stock_status\": \"instock\",\n            \"sku\": \"SHIRT-CLASS-001-BLUE-M\"\n        },\n        {\n            \"attributes\": {\n                \"Color\": \"أزرق\",\n                \"Size\": \"L\"\n            },\n            \"regular_price\": 199.00,\n            \"stock_quantity\": 15,\n            \"stock_status\": \"instock\",\n            \"sku\": \"SHIRT-CLASS-001-BLUE-L\"\n        }\n    ]\n}"
						},
						"url": {
							"raw": "{{base_url}}/variable-products",
							"host": [
								"{{base_url}}"
							],
							"path": [
								"variable-products"
							]
						},
						"description": "### إضافة منتج متغير جديد\n\nيستخدم هذا الـ Endpoint لإضافة منتج متغير (Variable Product) مع خياراته المتعددة.\n\n**البيانات الأساسية:**\n- `name`: اسم المنتج (مطلوب)\n- `description`: الوصف الكامل\n- `short_description`: الوصف المختصر\n- `sku`: رقم SKU للمنتج الأساسي\n\n**Attributes (الخصائص):**\nمصفوفة تحتوي على الخصائص المتغيرة مثل:\n- اللون (Color)\n- المقاس (Size)\n- المادة (Material)\n\n**Variations (التنويعات):**\nمصفوفة تحتوي على كل تنويعة مع:\n- الخصائص المحددة\n- السعر\n- الكمية المتوفرة\n- SKU فريد لكل تنويعة"
					},
					"response": []
				},
				{
					"name": "تعديل منتج متغير",
					"request": {
						"method": "PUT",
						"header": [
							{
								"key": "Content-Type",
								"value": "application/json"
							}
						],
						"body": {
							"mode": "raw",
							"raw": "{\n    \"name\": \"قميص رجالي كلاسيكي - تحديث 2024\",\n    \"description\": \"قميص رجالي محدث بأحدث الموديلات لعام 2024\",\n    \"attributes\": [\n        {\n            \"name\": \"Color\",\n            \"options\": [\"أبيض\", \"أزرق\", \"أسود\", \"رمادي\", \"بني\"]\n        },\n        {\n            \"name\": \"Size\",\n            \"options\": [\"S\", \"M\", \"L\", \"XL\", \"XXL\"]\n        }\n    ]\n}"
						},
						"url": {
							"raw": "{{base_url}}/variable-products/{{variable_product_id}}",
							"host": [
								"{{base_url}}"
							],
							"path": [
								"variable-products",
								"{{variable_product_id}}"
							]
						},
						"description": "### تعديل منتج متغير موجود\n\nيمكنك تحديث معلومات المنتج المتغير والخصائص.\n\n**ملاحظات:**\n- لتحديث التنويعات، يجب حذف القديمة وإضافة جديدة\n- تحديث الـ Attributes لن يؤثر على التنويعات الموجودة\n- يمكن تحديث حقول محددة فقط"
					},
					"response": []
				},
				{
					"name": "عرض جميع المنتجات المتغيرة",
					"request": {
						"method": "GET",
						"header": [],
						"url": {
							"raw": "{{base_url}}/variable-products?page=1&per_page=10",
							"host": [
								"{{base_url}}"
							],
							"path": [
								"variable-products"
							],
							"query": [
								{
									"key": "page",
									"value": "1",
									"description": "رقم الصفحة"
								},
								{
									"key": "per_page",
									"value": "10",
									"description": "عدد المنتجات في الصفحة"
								}
							]
						},
						"description": "### عرض جميع المنتجات المتغيرة\n\nيعرض قائمة بجميع المنتجات المتغيرة مع جميع تنويعاتها.\n\n**الاستجابة تتضمن:**\n- معلومات المنتج الأساسية\n- جميع الـ Attributes\n- جميع الـ Variations مع تفاصيلها\n- عدد التنويعات لكل منتج\n- معلومات التصفح بين الصفحات"
					},
					"response": []
				},
				{
					"name": "عرض منتج متغير واحد",
					"request": {
						"method": "GET",
						"header": [],
						"url": {
							"raw": "{{base_url}}/variable-products/{{variable_product_id}}",
							"host": [
								"{{base_url}}"
							],
							"path": [
								"variable-products",
								"{{variable_product_id}}"
							]
						},
						"description": "### عرض تفاصيل منتج متغير واحد\n\nيعرض جميع التفاصيل الكاملة للمنتج المتغير.\n\n**المعلومات المعروضة:**\n- بيانات المنتج الأساسية\n- جميع الخصائص (Attributes)\n- جميع التنويعات (Variations) مع:\n  - الأسعار لكل تنويعة\n  - المخزون لكل تنويعة\n  - الخصائص المحددة\n  - الصور\n- إجمالي عدد التنويعات"
					},
					"response": []
				},
				{
					"name": "البحث عن منتجات متغيرة",
					"request": {
						"method": "GET",
						"header": [],
						"url": {
							"raw": "{{base_url}}/variable-products/search?s=قميص",
							"host": [
								"{{base_url}}"
							],
							"path": [
								"variable-products",
								"search"
							],
							"query": [
								{
									"key": "s",
									"value": "قميص",
									"description": "كلمة البحث"
								}
							]
						},
						"description": "### البحث في المنتجات المتغيرة\n\nيبحث في أسماء ووصف المنتجات المتغيرة.\n\n**نطاق البحث:**\n- اسم المنتج\n- الوصف الكامل والمختصر\n- SKU المنتج الأساسي\n\n**ملاحظة:** البحث لا يشمل SKU التنويعات"
					},
					"response": []
				},
				{
					"name": "حذف منتج متغير",
					"request": {
						"method": "DELETE",
						"header": [],
						"url": {
							"raw": "{{base_url}}/variable-products/{{variable_product_id}}",
							"host": [
								"{{base_url}}"
							],
							"path": [
								"variable-products",
								"{{variable_product_id}}"
							]
						},
						"description": "### حذف منتج متغير\n\nيحذف المنتج المتغير وجميع تنويعاته نهائياً.\n\n**تحذير:** \n- هذا الإجراء لا يمكن التراجع عنه!\n- سيتم حذف جميع التنويعات تلقائياً\n- سيتم حذف جميع الصور المرتبطة\n\n**الاستجابة:**\n- رسالة تأكيد الحذف\n- بيانات المنتج المحذوف"
					},
					"response": []
				},
				{
					"name": "إحصائيات المنتجات المتغيرة",
					"request": {
						"method": "GET",
						"header": [],
						"url": {
							"raw": "{{base_url}}/variable-products/stats",
							"host": [
								"{{base_url}}"
							],
							"path": [
								"variable-products",
								"stats"
							]
						},
						"description": "### إحصائيات المنتجات المتغيرة\n\nيعرض إحصائيات تفصيلية عن المنتجات المتغيرة.\n\n**الإحصائيات تشمل:**\n- إجمالي عدد المنتجات المتغيرة\n- إجمالي عدد التنويعات\n- متوسط عدد التنويعات لكل منتج\n- عدد المنتجات المتوفرة\n- عدد المنتجات غير المتوفرة\n- نطاق الأسعار (أقل وأعلى سعر)\n\n**مفيد لـ:**\n- تحليل المخزون\n- تخطيط الأسعار\n- معرفة تنوع المنتجات"
					},
					"response": []
				}
			],
			"description": "جميع الـ Endpoints الخاصة بإدارة المنتجات المتغيرة (Variable Products)\n\n### المنتجات المتغيرة هي:\n- منتجات لها خيارات متعددة (ألوان، مقاسات، إلخ)\n- كل خيار له سعر ومخزون منفصل\n- مثال: قميص بألوان ومقاسات مختلفة\n\n### مكونات المنتج المتغير:\n1. **المنتج الأساسي:** معلومات عامة\n2. **Attributes:** الخصائص (مثل اللون والمقاس)\n3. **Variations:** التنويعات (كل تركيبة من الخصائص)\n\n### العمليات المتاحة:\n1. إضافة منتج متغير مع تنويعاته\n2. تعديل المنتج والخصائص\n3. عرض جميع المنتجات\n4. عرض منتج واحد مع تنويعاته\n5. البحث في المنتجات\n6. حذف منتج وتنويعاته\n7. عرض الإحصائيات التفصيلية"
		},
		{
			"name": "🔐 Authentication Test",
			"item": [
				{
					"name": "اختبار المفاتيح - Valid",
					"request": {
						"auth": {
							"type": "basic",
							"basic": [
								{
									"key": "username",
									"value": "ck_2210fb8d333da5da151029715a85618a4b283a52",
									"type": "string"
								},
								{
									"key": "password",
									"value": "cs_7f1073e18d0af70d01c84692ce8c04609a722b5c",
									"type": "string"
								}
							]
						},
						"method": "GET",
						"header": [],
						"url": {
							"raw": "{{base_url}}/physical-products/stats",
							"host": [
								"{{base_url}}"
							],
							"path": [
								"physical-products",
								"stats"
							]
						},
						"description": "### اختبار صحة مفاتيح API\n\nهذا الطلب يختبر:\n1. صحة Consumer Key\n2. صحة Consumer Secret\n3. صلاحيات المفاتيح\n4. حالة الاتصال بالـ API\n\n**النتيجة المتوقعة:**\n- Status Code: 200\n- استجابة ناجحة مع البيانات\n\n**في حالة الفشل:**\n- 401: مفاتيح خاطئة أو غير موجودة\n- 403: المفاتيح صحيحة لكن الصلاحيات غير كافية"
					},
					"response": []
				},
				{
					"name": "اختبار المفاتيح - Invalid",
					"request": {
						"auth": {
							"type": "basic",
							"basic": [
								{
									"key": "username",
									"value": "invalid_key",
									"type": "string"
								},
								{
									"key": "password",
									"value": "invalid_secret",
									"type": "string"
								}
							]
						},
						"method": "GET",
						"header": [],
						"url": {
							"raw": "{{base_url}}/physical-products/stats",
							"host": [
								"{{base_url}}"
							],
							"path": [
								"physical-products",
								"stats"
							]
						},
						"description": "### اختبار مفاتيح خاطئة\n\nهذا الطلب يختبر سلوك الـ API عند استخدام مفاتيح خاطئة.\n\n**النتيجة المتوقعة:**\n- Status Code: 401 Unauthorized\n- رسالة خطأ واضحة\n\n**يوضح هذا الاختبار:**\n- حماية الـ API من الوصول غير المصرح به\n- جودة رسائل الخطأ"
					},
					"response": []
				}
			],
			"description": "اختبارات للتحقق من آلية الحماية والتوثيق\n\n### طرق التوثيق المدعومة:\n\n1. **Basic Authentication (موصى به):**\n   - Username: Consumer Key\n   - Password: Consumer Secret\n   - يتم إرسالها في Header\n\n2. **Query Parameters:**\n   - ?consumer_key=xxx&consumer_secret=xxx\n   - أقل أماناً لكن سهل الاختبار\n\n### متطلبات الحماية:\n- ✅ مفاتيح WooCommerce API صالحة\n- ✅ صلاحيات Read/Write للمفاتيح\n- ✅ المستخدم لديه صلاحية manage_woocommerce\n\n### مستويات الحماية:\n1. التحقق من وجود المفاتيح\n2. التحقق من صحة المفاتيح\n3. التحقق من صلاحيات المفاتيح\n4. التحقق من صلاحيات المستخدم"
		}
	],
	"event": [
		{
			"listen": "prerequest",
			"script": {
				"type": "text/javascript",
				"exec": [
					""
				]
			}
		},
		{
			"listen": "test",
			"script": {
				"type": "text/javascript",
				"exec": [
					""
				]
			}
		}
	],
	"variable": [
		{
			"key": "base_url",
			"value": "https://dev.murjan.sa/wp-json/murjan-api/v1",
			"type": "string"
		},
		{
			"key": "physical_product_id",
			"value": "",
			"type": "string"
		},
		{
			"key": "variable_product_id",
			"value": "",
			"type": "string"
		}
	]
}

